"Peptide_Sequence","ClassII_TCR_Recognition","ClassII_MHC_Binding_Affinity","ClassII_pMHC_Stability","Best_Binding_Affinity","Best_pMHC_Stability"
"MTEYKLVVVGAGG","","HLA-DRB1*01:01=922.08 nM|HLA-DQA1*05:01/DQB1*02:01=8917.65 nM","","HLA-DRB1*01:01=922.08 nM",""
"TEYKLVVVGAGGV","","HLA-DRB1*01:01=552.57 nM|HLA-DQA1*05:01/DQB1*02:01=4786.08 nM","","HLA-DRB1*01:01=552.57 nM",""
"EYKLVVVGAGGVG","","HLA-DRB1*01:01=405.36 nM|HLA-DQA1*05:01/DQB1*02:01=5999.21 nM","","HLA-DRB1*01:01=405.36 nM",""
"YKLVVVGAGGVGK","","HLA-DRB1*01:01=280.31 nM|HLA-DQA1*05:01/DQB1*02:01=7493.77 nM","","HLA-DRB1*01:01=280.31 nM",""
"KLVVVGAGGVGKS","","HLA-DRB1*01:01=562.93 nM|HLA-DQA1*05:01/DQB1*02:01=8791.57 nM","","HLA-DRB1*01:01=562.93 nM",""
"LVVVGAGGVGKSA","","HLA-DRB1*01:01=2413.45 nM|HLA-DQA1*05:01/DQB1*02:01=9560.04 nM","","HLA-DRB1*01:01=2413.45 nM",""
"VVVGAGGVGKSAL","","HLA-DRB1*01:01=6817.59 nM|HLA-DQA1*05:01/DQB1*02:01=11035.13 nM","","HLA-DRB1*01:01=6817.59 nM",""
"VVGAGGVGKSALT","","HLA-DQA1*05:01/DQB1*02:01=13684.26 nM|HLA-DRB1*01:01=12021.68 nM","","HLA-DRB1*01:01=12021.68 nM",""
"MTEYKLVVVGAGGV","","HLA-DRB1*01:01=249.58 nM|HLA-DQA1*05:01/DQB1*02:01=4211.14 nM","","HLA-DRB1*01:01=249.58 nM",""
"TEYKLVVVGAGGVG","","HLA-DRB1*01:01=169.43 nM|HLA-DQA1*05:01/DQB1*02:01=5338.8 nM","","HLA-DRB1*01:01=169.43 nM",""
"EYKLVVVGAGGVGK","","HLA-DRB1*01:01=104.12 nM|HLA-DQA1*05:01/DQB1*02:01=5541.92 nM","","HLA-DRB1*01:01=104.12 nM",""
"YKLVVVGAGGVGKS","","HLA-DRB1*01:01=106.33 nM|HLA-DQA1*05:01/DQB1*02:01=6447.75 nM","","HLA-DRB1*01:01=106.33 nM",""
"KLVVVGAGGVGKSA","","HLA-DRB1*01:01=241.19 nM|HLA-DQA1*05:01/DQB1*02:01=7176.67 nM","","HLA-DRB1*01:01=241.19 nM",""
"LVVVGAGGVGKSAL","","HLA-DRB1*01:01=968.25 nM|HLA-DQA1*05:01/DQB1*02:01=7394.06 nM","","HLA-DRB1*01:01=968.25 nM",""
"VVVGAGGVGKSALT","","HLA-DRB1*01:01=3604.41 nM|HLA-DQA1*05:01/DQB1*02:01=9631.58 nM","","HLA-DRB1*01:01=3604.41 nM",""
"MTEYKLVVVGAGGVG","","HLA-DRB1*01:01=34.12 nM|HLA-DQA1*05:01/DQB1*02:01=4914.59 nM","","HLA-DRB1*01:01=34.12 nM",""
"TEYKLVVVGAGGVGK","","HLA-DRB1*01:01=25.53 nM|HLA-DQA1*05:01/DQB1*02:01=5122.03 nM","","HLA-DRB1*01:01=25.53 nM",""
"EYKLVVVGAGGVGKS","","HLA-DRB1*01:01=23.77 nM|HLA-DQA1*05:01/DQB1*02:01=5084.76 nM","","HLA-DRB1*01:01=23.77 nM",""
"YKLVVVGAGGVGKSA","","HLA-DRB1*01:01=27.27 nM|HLA-DQA1*05:01/DQB1*02:01=5732.44 nM","","HLA-DRB1*01:01=27.27 nM",""
"KLVVVGAGGVGKSAL","","HLA-DRB1*01:01=50.29 nM|HLA-DQA1*05:01/DQB1*02:01=6060.93 nM","","HLA-DRB1*01:01=50.29 nM",""
"LVVVGAGGVGKSALT","","HLA-DRB1*01:01=230.34 nM|HLA-DQA1*05:01/DQB1*02:01=6932.44 nM","","HLA-DRB1*01:01=230.34 nM",""
"MTEYKLVVVGAGGVGK","","HLA-DRB1*01:01=71.91 nM|HLA-DQA1*05:01/DQB1*02:01=4114.22 nM","","HLA-DRB1*01:01=71.91 nM",""
"TEYKLVVVGAGGVGKS","","HLA-DRB1*01:01=62.03 nM|HLA-DQA1*05:01/DQB1*02:01=4098.58 nM","","HLA-DRB1*01:01=62.03 nM",""
"EYKLVVVGAGGVGKSA","","HLA-DRB1*01:01=65.15 nM|HLA-DQA1*05:01/DQB1*02:01=4066.12 nM","","HLA-DRB1*01:01=65.15 nM",""
"YKLVVVGAGGVGKSAL","","HLA-DRB1*01:01=80.43 nM|HLA-DQA1*05:01/DQB1*02:01=4655.08 nM","","HLA-DRB1*01:01=80.43 nM",""
"KLVVVGAGGVGKSALT","","HLA-DRB1*01:01=179.02 nM|HLA-DQA1*05:01/DQB1*02:01=5479.02 nM","","HLA-DRB1*01:01=179.02 nM",""
"MTEYKLVVVGAGGVGKS","","HLA-DRB1*01:01=52.57 nM|HLA-DQA1*05:01/DQB1*02:01=5630.28 nM","","HLA-DRB1*01:01=52.57 nM",""
"TEYKLVVVGAGGVGKSA","","HLA-DRB1*01:01=52.08 nM|HLA-DQA1*05:01/DQB1*02:01=5624.74 nM","","HLA-DRB1*01:01=52.08 nM",""
"EYKLVVVGAGGVGKSAL","","HLA-DRB1*01:01=56.09 nM|HLA-DQA1*05:01/DQB1*02:01=5582.9 nM","","HLA-DRB1*01:01=56.09 nM",""
"YKLVVVGAGGVGKSALT","","HLA-DRB1*01:01=72.71 nM|HLA-DQA1*05:01/DQB1*02:01=6408.17 nM","","HLA-DRB1*01:01=72.71 nM",""
"MTEYKLVVVGAGGVGKSA","","HLA-DRB1*01:01=303.19 nM|HLA-DQA1*05:01/DQB1*02:01=5674.62 nM","","HLA-DRB1*01:01=303.19 nM",""
"TEYKLVVVGAGGVGKSAL","","HLA-DRB1*01:01=324.12 nM|HLA-DQA1*05:01/DQB1*02:01=5612.94 nM","","HLA-DRB1*01:01=324.12 nM",""
"EYKLVVVGAGGVGKSALT","","HLA-DRB1*01:01=372.96 nM|HLA-DQA1*05:01/DQB1*02:01=5883.76 nM","","HLA-DRB1*01:01=372.96 nM",""
"MTEYKLVVVGAGGVGKSAL","","HLA-DRB1*01:01=73.91 nM|HLA-DQA1*05:01/DQB1*02:01=5375.32 nM","","HLA-DRB1*01:01=73.91 nM",""
"TEYKLVVVGAGGVGKSALT","","HLA-DRB1*01:01=78.17 nM|HLA-DQA1*05:01/DQB1*02:01=5539.64 nM","","HLA-DRB1*01:01=78.17 nM",""
"MTEYKLVVVGAGGVGKSALT","","HLA-DRB1*01:01=44.33 nM|HLA-DQA1*05:01/DQB1*02:01=5828.95 nM","","HLA-DRB1*01:01=44.33 nM",""
