"Peptide_Sequence","ClassI_TCR_Recognition","ClassI_MHC_Binding_Affinity","ClassI_pMHC_Stability","Best_Binding_Affinity","Best_pMHC_Stability"
"EYKLVVVG","","HLA-A*01:01=45066.15 nM|HLA-A*02:01=45283.16 nM","","HLA-A*01:01=45066.15 nM",""
"EYKLVVVGA","","HLA-A*01:01=41962.43 nM|HLA-A*02:01=35083.83 nM","","HLA-A*02:01=35083.83 nM",""
"EYKLVVVGAG","","HLA-A*01:01=42862.31 nM|HLA-A*02:01=40972.28 nM","","HLA-A*02:01=40972.28 nM",""
"EYKLVVVGAGG","","HLA-A*01:01=43633.42 nM|HLA-A*02:01=36827.51 nM","","HLA-A*02:01=36827.51 nM",""
"KLVVVGAG","","HLA-A*01:01=43666.02 nM|HLA-A*02:01=25812.5 nM","","HLA-A*02:01=25812.5 nM",""
"KLVVVGAGG","","HLA-A*01:01=40247.73 nM|HLA-A*02:01=7808.12 nM","","HLA-A*02:01=7808.12 nM",""
"LVVVGAGG","","HLA-A*01:01=42334.11 nM|HLA-A*02:01=38244.76 nM","","HLA-A*02:01=38244.76 nM",""
"MTEYKLVV","","HLA-A*01:01=11573.32 nM|HLA-A*02:01=14651.32 nM","","HLA-A*01:01=11573.32 nM",""
"MTEYKLVVV","","HLA-A*01:01=4045.19 nM|HLA-A*02:01=3005.61 nM","","HLA-A*02:01=3005.61 nM",""
"MTEYKLVVVG","","HLA-A*01:01=17475.04 nM|HLA-A*02:01=17808.88 nM","","HLA-A*01:01=17475.04 nM",""
"MTEYKLVVVGA","","HLA-A*01:01=17418.78 nM|HLA-A*02:01=17716.24 nM","","HLA-A*01:01=17418.78 nM",""
"TEYKLVVV","","HLA-A*01:01=31110.44 nM|HLA-A*02:01=31734.28 nM","","HLA-A*01:01=31110.44 nM",""
"TEYKLVVVG","","HLA-A*01:01=40133.82 nM|HLA-A*02:01=37482.36 nM","","HLA-A*02:01=37482.36 nM",""
"TEYKLVVVGA","","HLA-A*01:01=35971.35 nM|HLA-A*02:01=26221.79 nM","","HLA-A*02:01=26221.79 nM",""
"TEYKLVVVGAG","","HLA-A*01:01=43387.22 nM|HLA-A*02:01=42186.43 nM","","HLA-A*02:01=42186.43 nM",""
"YKLVVVGA","","HLA-A*01:01=43823.16 nM|HLA-A*02:01=35515.4 nM","","HLA-A*02:01=35515.4 nM",""
"YKLVVVGAG","","HLA-A*01:01=43169.94 nM|HLA-A*02:01=38426.0 nM","","HLA-A*02:01=38426.0 nM",""
"YKLVVVGAGG","","HLA-A*01:01=37431.71 nM|HLA-A*02:01=9366.33 nM","","HLA-A*02:01=9366.33 nM",""
